talents	Aether Avatar	以太之体	T.GAME.TALENT	talents	talent name	review	core	技能说明引用中写作“以太形态”（1/4 处）；待统一
talents	Aether Permeation	以太渗透	T.GAME.TALENT	talents	talent name	existing	core	技能名；被其他文本引用 2 处，引用译名一致（2026-10-01 补录）
talents	Algid Rage	寒冰之怒	T.GAME.TALENT	talents	talent name	existing	dlc	技能名；被其他文本引用 3 处，引用译名一致（2026-10-01 补录）
talents	Ambush Trap	伏击陷阱	T.GAME.TALENT	talents	talent name	existing	core	技能名；被其他文本引用 2 处，引用译名一致（2026-10-01 补录）
talents	Antimagic Shield	反魔法护盾	T.GAME.TALENT	talents	talent name	review	core	技能说明引用中另有“反魔盾”（1/2 处）；待统一
talents	Arcane Combat	奥术格斗	T.GAME.TALENT	talents	talent name	existing	core	技能名；被其他文本引用 3 处，引用译名一致（2026-10-01 补录）
talents	Arcane Dynamo	奥术发电机	T.GAME.TALENT	talents	talent name	existing	dlc	技能名；被其他文本引用 3 处，引用译名一致（2026-10-01 补录）
talents	Arcane Eye	奥术之眼	T.GAME.TALENT	talents	talent name	existing	core	技能名；被其他文本引用 2 处，引用译名一致（2026-10-01 补录）
talents	Arcane Reconstruction	奥术重组	T.GAME.TALENT	talents	talent name	existing	core	技能名；被其他文本引用 2 处，引用译名一致（2026-10-01 补录）
talents	Assume Form	附身	T.GAME.TALENT	talents	talent name	existing	dlc	技能名；被其他文本引用 2 处，引用译名一致（2026-10-01 补录）
talents	Automated Reflex System	自动化反射系统	T.GAME.TALENT	talents	talent name	existing	dlc	技能名；被其他文本引用 2 处，引用译名一致（2026-10-01 补录）
talents	Automated Repair System	自动修复系统	T.GAME.TALENT	talents	talent name	existing	dlc	技能名；被其他文本引用 2 处，引用译名一致（2026-10-01 补录）
talents	Avatar of a Distant Sun	日耀神使	T.GAME.TALENT	talents	talent name	review	core	职业进阶提示中写作“遥远太阳的化身”（1/4 处）；待统一
talents	Bash and Smash	击退射击	T.GAME.TALENT	talents	talent name	existing	core	技能名；被其他文本引用 2 处，引用译名一致（2026-10-01 补录）
talents	Bleak Outcome	悲惨结局	T.GAME.TALENT	talents	talent name	existing	dlc	技能名；被其他文本引用 4 处，引用译名一致（2026-10-01 补录）
talents	Blink Blade	闪烁灵刃	T.GAME.TALENT	talents	talent name	existing	core	技能名；被其他文本引用 2 处，引用译名一致（2026-10-01 补录）
talents	Blood Spray	鲜血喷射	T.GAME.TALENT	talents	talent name	existing	core	技能名；被其他文本引用 2 处，引用译名一致（2026-10-01 补录）
talents	Body of Stone	岩石身躯	T.GAME.TALENT	talents	talent name	existing	core	技能名；被其他文本引用 5 处，引用译名一致（2026-10-01 补录）
talents	Breathing Room	喘息间隙	T.GAME.TALENT	talents	talent name	existing	core	技能名；被其他文本引用 2 处，其中 1 处含本译名，其余为省略或改写（2026-10-01 补录）
talents	Burning Wake	无尽之焰	T.GAME.TALENT	talents	talent name	review	core	放电柱类技能说明中写作“无尽之炎”（2/5 处）；待统一
talents	Called Shots	精准射击	T.GAME.TALENT	talents	talent name	review	core	标记说明中写作“精巧射击”（1/3 处）；待统一
talents	Chain Lightning	连锁闪电	T.GAME.TALENT	talents	talent name	existing	core	技能名；被其他文本引用 2 处，引用译名一致（2026-10-01 补录）
talents	Chant of Fortitude	坚韧赞歌	T.GAME.TALENT	talents	talent name	existing	core	技能名；被其他文本引用 2 处，引用译名一致（2026-10-01 补录）
talents	Chant of Fortress	堡垒赞歌	T.GAME.TALENT	talents	talent name	existing	core	技能名；被其他文本引用 2 处，引用译名一致（2026-10-01 补录）
talents	Chant of Resistance	元素赞歌	T.GAME.TALENT	talents	talent name	existing	core	技能名；被其他文本引用 2 处，引用译名一致（2026-10-01 补录）
talents	Charged Shield	电能护盾	T.GAME.TALENT	talents	talent name	existing	core	Spiked Charged Shield 是另一技能，不按本行要求
talents	Combat Accuracy	强化命中	T.GAME.TALENT	talents	talent name	existing	core	技能名；被其他文本引用 5 处，引用译名一致（2026-10-01 补录）
talents	Corruption of the Doomed	末日腐化	T.GAME.TALENT	talents	talent name	existing	dlc	技能名；被其他文本引用 2 处，引用译名一致（2026-10-01 补录）
talents	Coup de Grace	致命一击！	T.GAME.TALENT	talents	talent name	existing	core	技能名；被其他文本引用 3 处，其中 2 处含本译名，其余为省略或改写（2026-10-01 补录）
talents	Crippling Poison	致残毒素	T.GAME.TALENT	talents	talent name	existing	core	技能名；被其他文本引用 2 处，引用译名一致（2026-10-01 补录）
talents	Cryogenic Digs	低温掘进	T.GAME.TALENT	talents	talent name	existing	dlc	技能名；被其他文本引用 2 处，引用译名一致（2026-10-01 补录）
talents	Crystalline Focus	水晶力场	T.GAME.TALENT	talents	talent name	existing	core	技能名；被其他文本引用 3 处，引用译名一致（2026-10-01 补录）
talents	Dark Reign	黑暗支配	T.GAME.TALENT	talents	talent name	existing	dlc	技能名；被其他文本引用 3 处，引用译名一致（2026-10-01 补录）
talents	Dark Whispers	黑暗低语	T.GAME.TALENT	talents	talent name	existing	dlc	技能名；被其他文本引用 3 处，引用译名一致（2026-10-01 补录）
talents	Deeprock Form	深岩形态	T.GAME.TALENT	talents	talent name	review	core	技能说明引用中写作“深岩元素形态”（1/3 处）；待统一
talents	Dire Plague	恐怖瘟疫	T.GAME.TALENT	talents	talent name	existing	core	技能名；被其他文本引用 3 处，引用译名一致（2026-10-01 补录）
talents	Dirge of Pestilence	瘟疫挽歌	T.GAME.TALENT	talents	talent name	existing	core	技能名；被其他文本引用 2 处，引用译名一致（2026-10-01 补录）
talents	Disruption Shield	干扰护盾	T.GAME.TALENT	talents	talent name	existing	core	技能名；被其他文本引用 4 处，引用译名一致（2026-10-01 补录）
talents	Dual Strike	双持打击	T.GAME.TALENT	talents	talent name	existing	core	技能名；被其他文本引用 2 处，其中 1 处含本译名，其余为省略或改写（2026-10-01 补录）
talents	Earthen Missiles	岩石飞弹	T.GAME.TALENT	talents	talent name	existing	core	技能名；被其他文本引用 2 处，引用译名一致（2026-10-01 补录）
talents	Elemental Array Burst	元素阵爆发	T.GAME.TALENT	talents	talent name	existing	core	技能名；被其他文本引用 2 处，引用译名一致（2026-10-01 补录）
talents	Elemental Surge	元素狂潮	T.GAME.TALENT	talents	talent name	existing	core	技能名；被其他文本引用 7 处，引用译名一致（2026-10-01 补录）
talents	Entropic Gift	熵之礼物	T.GAME.TALENT	talents	talent name	existing	dlc	技能名；被其他文本引用 6 处，引用译名一致（2026-10-01 补录）
talents	Fire Drake	召唤：火龙	T.GAME.TALENT	talents	talent name	existing	core	召唤技能名；说明中指代召唤生物本身时写作“火龙”，不带“召唤：”
talents	Fold Fate	命运折叠	T.GAME.TALENT	talents	talent name	existing	core	技能名；被其他文本引用 3 处，引用译名一致（2026-10-01 补录）
talents	Fold Gravity	重力折叠	T.GAME.TALENT	talents	talent name	existing	core	技能名；被其他文本引用 3 处，引用译名一致（2026-10-01 补录）
talents	Fold Warp	扭曲折叠	T.GAME.TALENT	talents	talent name	existing	core	技能名；被其他文本引用 3 处，引用译名一致（2026-10-01 补录）
talents	Frightening Presence	恐怖存在	T.GAME.TALENT	talents	talent name	existing	core	技能名；被其他文本引用 2 处，引用译名一致（2026-10-01 补录）
talents	Galvanic Arcing	电弧放射	T.GAME.TALENT	talents	talent name	existing	dlc	技能名；被其他文本引用 2 处，引用译名一致（2026-10-01 补录）
talents	Gelid Host	霜寒宿主	T.GAME.TALENT	talents	talent name	existing	core	技能名；被其他文本引用 3 处，其中 2 处含本译名，其余为省略或改写（2026-10-01 补录）
talents	Gem Golem	宝石傀儡	T.GAME.TALENT	talents	talent name	existing	core	技能名；被其他文本引用 2 处，引用译名一致（2026-10-01 补录）
talents	Gesture of Pain	痛苦手势	T.GAME.TALENT	talents	talent name	existing	core	技能名；被其他文本引用 5 处，引用译名一致（2026-10-01 补录）
talents	Ghost Walk	游魂行走	T.GAME.TALENT	talents	talent name	existing	core	技能名；被其他文本引用 4 处，引用译名一致（2026-10-01 补录）
talents	Grand Oration	隆重演说	T.GAME.TALENT	talents	talent name	existing	dlc	技能名；被其他文本引用 5 处，引用译名一致（2026-10-01 补录）
talents	Gravitic Effulgence	光辉引力	T.GAME.TALENT	talents	talent name	existing	core	技能名；被其他文本引用 2 处，引用译名一致（2026-10-01 补录）
talents	Healing Nexus	治疗转移	T.GAME.TALENT	talents	talent name	existing	core	状态名 Healing Nexus Redirection 另译“治疗被转移”
talents	Hidden Blades	隐匿刀锋	T.GAME.TALENT	talents	talent name	review	core	技能使用提示中写作“隐藏刀片”（1/3 处）；待统一
talents	Hideous Visions	惊骇幻象	T.GAME.TALENT	talents	talent name	review	dlc	虚空之声说明中写作“失智冲击”（1/2 处）；待统一
talents	High Thaumaturgist	高阶奇术师	T.GAME.TALENT	talents	talent name	existing	core	技能名；被其他文本引用 3 处，引用译名一致（2026-10-01 补录）
talents	Hymn of Perseverance	坚毅圣诗	T.GAME.TALENT	talents	talent name	existing	core	技能名；被其他文本引用 2 处，引用译名一致（2026-10-01 补录）
talents	Hymn of Shadows	暗影圣诗	T.GAME.TALENT	talents	talent name	existing	core	技能名；被其他文本引用 2 处，引用译名一致（2026-10-01 补录）
talents	Ice Shards	寒冰箭	T.GAME.TALENT	talents	talent name	existing	core	技能名；被其他文本引用 2 处，引用译名一致（2026-10-01 补录）
talents	Ice Storm	冰雪风暴	T.GAME.TALENT	talents	talent name	existing	core	技能名；被其他文本引用 2 处，引用译名一致（2026-10-01 补录）
talents	Improved Gestalt	强化格式塔	T.GAME.TALENT	talents	talent name	existing	dlc	技能名；被其他文本引用 2 处，引用译名一致（2026-10-01 补录）
talents	Incinerating Blows	焚尽强击	T.GAME.TALENT	talents	talent name	existing	dlc	技能名；被其他文本引用 2 处，引用译名一致（2026-10-01 补录）
talents	Inner Demons	心魔	T.GAME.TALENT	talents	talent name	existing	core	技能名；被其他文本引用 2 处，引用译名一致（2026-10-01 补录）
talents	Insidious Poison	阴险毒素	T.GAME.TALENT	talents	talent name	existing	core	技能名；被其他文本引用 2 处，引用译名一致（2026-10-01 补录）
talents	Irresistible Sun	无御之日	T.GAME.TALENT	talents	talent name	existing	core	技能名；被其他文本引用 2 处，引用译名一致（2026-10-01 补录）
talents	Kinetic Shield	动能护盾	T.GAME.TALENT	talents	talent name	existing	core	Spiked Kinetic Shield 是另一技能，不按本行要求
talents	Last Stand	破釜沉舟	T.GAME.TALENT	talents	talent name	existing	core	技能名；被其他文本引用 2 处，其中 0 处含本译名，其余为省略或改写（2026-10-01 补录）
talents	Leeching Poison	吸血毒素	T.GAME.TALENT	talents	talent name	existing	core	技能名；被其他文本引用 2 处，引用译名一致（2026-10-01 补录）
talents	Lucid Dreamer	清晰梦境	T.GAME.TALENT	talents	talent name	existing	core	技能名；被其他文本引用 2 处，引用译名一致（2026-10-01 补录）
talents	Mana Gale	魔法风暴	T.GAME.TALENT	talents	talent name	review	core	游戏提示与越层效果说明中写作“法力风暴”（4/4 处引用）；待统一
talents	Master Summoner	召唤精通	T.GAME.TALENT	talents	talent name	existing	core	技能名；被其他文本引用 3 处，引用译名一致（2026-10-01 补录）
talents	Metaphasic Spin	相位旋转	T.GAME.TALENT	talents	talent name	existing	dlc	技能名；被其他文本引用 2 处，引用译名一致（2026-10-01 补录）
talents	Miasma Engine	瘴气引擎	T.GAME.TALENT	talents	talent name	existing	dlc	技能名；被其他文本引用 3 处，引用译名一致（2026-10-01 补录）
talents	Mirror Image	镜像	T.GAME.TALENT	talents	talent name	existing	core	技能名；被其他文本引用 2 处，引用译名一致（2026-10-01 补录）
talents	Night Terror	梦魇降临	T.GAME.TALENT	talents	talent name	existing	core	技能名；被召唤的生物“暗夜恐魔”是另一实体，不混用
talents	Numbing Poison	麻木毒素	T.GAME.TALENT	talents	talent name	existing	core	技能名；被其他文本引用 2 处，引用译名一致（2026-10-01 补录）
talents	Obliterating Smash	歼灭挥斩	T.GAME.TALENT	talents	talent name	existing	dlc	技能名；被其他文本引用 2 处，引用译名一致（2026-10-01 补录）
talents	Orb of Thaumaturgy	奇术之球	T.GAME.TALENT	talents	talent name	existing	core	技能名；被其他文本引用 3 处，引用译名一致（2026-10-01 补录）
talents	Pain Enhancement System	痛苦强化系统	T.GAME.TALENT	talents	talent name	existing	dlc	技能名；被其他文本引用 2 处，引用译名一致（2026-10-01 补录）
talents	Prophecy of Madness	疯狂预言	T.GAME.TALENT	talents	talent name	existing	dlc	技能名；被其他文本引用 2 处，引用译名一致（2026-10-01 补录）
talents	Prophecy of Ruin	毁灭预言	T.GAME.TALENT	talents	talent name	existing	dlc	技能名；被其他文本引用 2 处，引用译名一致（2026-10-01 补录）
talents	Prophecy of Treason	背叛预言	T.GAME.TALENT	talents	talent name	existing	dlc	技能名；被其他文本引用 2 处，引用译名一致（2026-10-01 补录）
talents	Pulverizing Auger	粉碎钻击	T.GAME.TALENT	talents	talent name	existing	core	技能名；被其他文本引用 3 处，引用译名一致（2026-10-01 补录）
talents	Rak'Shor's Cunning	拉克·肖的狡诈	T.GAME.TALENT	talents	talent name	existing	dlc	技能名；被其他文本引用 2 处，引用译名一致（2026-10-01 补录）
talents	Reality Fracture	实境撕裂	T.GAME.TALENT	talents	talent name	existing	dlc	技能名；被其他文本引用 2 处，引用译名一致（2026-10-01 补录）
talents	Resilience of the Dwarves	钢筋铁骨	T.GAME.TALENT	talents	talent name	existing	core	技能名；被其他文本引用 2 处，引用译名一致（2026-10-01 补录）
talents	Rime Wraith	远古冰魂	T.GAME.TALENT	talents	talent name	existing	core	技能名；被其他文本引用 4 处，引用译名一致（2026-10-01 补录）
talents	Ritch Flamespitter	召唤：喷火里奇	T.GAME.TALENT	talents	talent name	existing	core	召唤技能名；说明中指代召唤生物本身时写作“喷火里奇”
talents	Rogue's Brew	盗贼佳酿	T.GAME.TALENT	talents	talent name	existing	core	技能名；被其他文本引用 2 处，引用译名一致（2026-10-01 补录）
talents	Sand Shredder	砂土粉碎	T.GAME.TALENT	talents	talent name	existing	dlc	技能名；物品 Stralite Sand Shredder 译“斯莱特掘沙者”，不混用
talents	Saw Wheels	链锯轮滑	T.GAME.TALENT	talents	talent name	review	dlc	技能说明引用中写作“链锯轮”（1/2 处）；待统一
talents	See the Threads	命运螺旋	T.GAME.TALENT	talents	talent name	existing	core	技能名；被其他文本引用 2 处，引用译名一致（2026-10-01 补录）
talents	Shadow Dance	暗影之舞	T.GAME.TALENT	talents	talent name	existing	core	技能名；被其他文本引用 3 处，引用译名一致（2026-10-01 补录）
talents	Shield Pummel	盾牌连击	T.GAME.TALENT	talents	talent name	existing	core	技能名；被其他文本引用 3 处，其中 2 处含本译名，其余为省略或改写（2026-10-01 补录）
talents	Shield Wall	盾墙	T.GAME.TALENT	talents	talent name	existing	core	技能名；被其他文本引用 3 处，其中 2 处含本译名，其余为省略或改写（2026-10-01 补录）
talents	Soul Leech	灵魂吸取	T.GAME.TALENT	talents	talent name	existing	core	技能名；被其他文本引用 2 处，引用译名一致（2026-10-01 补录）
talents	Spacetime Tuning	时空调谐	T.GAME.TALENT	talents	talent name	existing	core	技能名；被其他文本引用 2 处，引用译名一致（2026-10-01 补录）
talents	Steady Shot	稳固射击	T.GAME.TALENT	talents	talent name	existing	core	技能名；被其他文本引用 5 处，引用译名一致（2026-10-01 补录）
talents	Steam Powered Armour	蒸汽动力装甲	T.GAME.TALENT	talents	talent name	existing	dlc	技能名；被其他文本引用 2 处，引用译名一致（2026-10-01 补录）
talents	Steamgun Mastery	蒸汽枪掌握	T.GAME.TALENT	talents	talent name	review	dlc	炮台说明中写作“蒸汽枪精通”（1/3 处）；待统一
talents	Stone Golem	召唤：岩石傀儡	T.GAME.TALENT	talents	talent name	existing	core	召唤技能名；说明中指代召唤生物本身时写作“岩石傀儡”
talents	Striking Stance	攻击姿态	T.GAME.TALENT	talents	talent name	existing	core	技能名；被其他文本引用 2 处，引用译名一致（2026-10-01 补录）
talents	Subcutaneous Metallisation	金属内皮	T.GAME.TALENT	talents	talent name	existing	dlc	技能名；被其他文本引用 2 处，引用译名一致（2026-10-01 补录）
talents	Sun's Vengeance	阳光之怒	T.GAME.TALENT	talents	talent name	existing	core	技能名；被其他文本引用 3 处，引用译名一致（2026-10-01 补录）
talents	Sunder Mind	碾碎心灵	T.GAME.TALENT	talents	talent name	existing	core	技能名；被其他文本引用 2 处，引用译名一致（2026-10-01 补录）
talents	Telekinetic Punt	念力打击	T.GAME.TALENT	talents	talent name	review	core	学习提示中写作“念力推送”（2/2 处引用）；待统一
talents	Thermal Shield	热能护盾	T.GAME.TALENT	talents	talent name	existing	core	技能名；被其他文本引用 2 处，引用译名一致（2026-10-01 补录）
talents	Trap Mastery	陷阱专精	T.GAME.TALENT	talents	talent name	existing	core	技能名；被其他文本引用 2 处，引用译名一致（2026-10-01 补录）
talents	Twist Fate	扭曲命运	T.GAME.TALENT	talents	talent name	existing	core	技能名；被其他文本引用 2 处，引用译名一致（2026-10-01 补录）
talents	Twisted Evolution	扭曲进化	T.GAME.TALENT	talents	talent name	existing	dlc	技能名；被其他文本引用 3 处，引用译名一致（2026-10-01 补录）
talents	Twofold Curse	双重诅咒	T.GAME.TALENT	talents	talent name	existing	dlc	技能名；被其他文本引用 5 处，引用译名一致（2026-10-01 补录）
talents	Unravel Existence	解构存在	T.GAME.TALENT	talents	talent name	existing	dlc	技能名；被其他文本引用 3 处，引用译名一致（2026-10-01 补录）
talents	Venomous Strike	毒素爆发	T.GAME.TALENT	talents	talent name	existing	core	技能名；被其他文本引用 3 处，引用译名一致（2026-10-01 补录）
talents	Virulent Disease	剧毒瘟疫	T.GAME.TALENT	talents	talent name	existing	core	技能名；被其他文本引用 2 处，引用译名一致（2026-10-01 补录）
talents	Volatile Poison	易爆毒素	T.GAME.TALENT	talents	talent name	existing	core	技能名；被其他文本引用 2 处，引用译名一致（2026-10-01 补录）
talents	Vulnerability Poison	脆弱毒素	T.GAME.TALENT	talents	talent name	existing	core	技能名；被其他文本引用 2 处，引用译名一致（2026-10-01 补录）
talents	War Hound	召唤：战争猎犬	T.GAME.TALENT	talents	talent name	existing	core	召唤技能名；说明中指代召唤生物本身时写作“战争猎犬”
talents	Warp Mines	时空地雷	T.GAME.TALENT	talents	talent name	existing	core	技能名；被其他文本引用 3 处，引用译名一致（2026-10-01 补录）
talents	Weapon Folding	武器折叠	T.GAME.TALENT	talents	talent name	existing	core	技能名；被其他文本引用 5 处，引用译名一致（2026-10-01 补录）
talents	Weapon of Light	光明之刃	T.GAME.TALENT	talents	talent name	existing	core	技能名；被其他文本引用 3 处，引用译名一致（2026-10-01 补录）
talents	Worm that Walks	蠕虫合体	T.GAME.TALENT	talents	talent name	existing	dlc	技能名；被其他文本引用 7 处，引用译名一致（2026-10-01 补录）
talents	Stealth	潜行	T.GAME.TALENT	talents	talent name	existing	core	技能名；说明中的潜行状态与潜行强度同用“潜行”
talents	Gloom	黑暗光环	T.GAME.TALENT	talents	talent name	existing	core	黑暗光环持续技能；地名 Heart of the Gloom 为“黑暗之心”，不按本行
talents	Radiance	光辉	T.GAME.TALENT	talents	talent name	existing	core	光辉光环技能；叙事中的普通 radiance 不按本行
talents	Invisibility	隐形	T.GAME.TALENT	talents	talent name	existing	core	技能名；说明中 invisibility power 另有“隐身强度”写法，待一致性复核
combat	Accuracy	命中	T.GAME.STAT	combat	tformat	existing	global	技能与物品说明中的命中属性（93/93 处一致）；面板标签 Accuracy: 另行记录
combat	Defense	闪避	T.GAME.STAT	combat	tformat	existing	global	技能与状态说明中的闪避属性（50/53）；专名 Automated Defense System“自动防御系统”不按本行
combat	critical	暴击	T.GAME.STAT	combat	tformat	existing	global	暴击机制（169/175）；critical chance“暴击率／暴击几率”；“go critical”“critical point”等普通用法不按本行；现有 1 处“爆击”为错字待修
combat	talent level	技能等级	T.GAME.STAT	combat	tformat	existing	global	技能说明中的技能等级；句式中可写作“等级 N 时”“技能 N 级时”
combat	Physical save	物理豁免	T.GAME.STAT	combat	_t	existing	core	物理豁免；并列“physical, spell and mental save”可合写“物理、法术、精神豁免”
combat	Spell save	法术豁免	T.GAME.STAT	combat	_t	existing	core	法术豁免；并列时可合写
combat	Mental save	精神豁免	T.GAME.STAT	combat	_t	existing	core	精神豁免；并列时可合写
combat	Melee	近战	T.GAME.STAT	combat	_t	existing	core	近战（208/232 处）；界面术语说明中有“近身”写法
combat	Armour Hardiness	护甲强度	T.GAME.STAT	combat	_t	existing	core	护甲强度（20/20 处一致）；与 Armour“护甲值”区分
resources	Feedback	反馈值	T.GAME.RESOURCE	resources	_t	existing	core	灵能反馈资源（说明中 32/32 处含“反馈”）
society	Archmage Tarelion	大法师泰尔兰	T.PN.PERSON	society	entity name	existing	core	实体名；被其他文本引用 4 处，引用译名一致（2026-10-01 补录）
society	Berethh	贝里斯	T.PN.PERSON	society	entity name	existing	core	实体名；被其他文本引用 15 处，引用译名一致（2026-10-01 补录）
society	Caldizar	凯尔帝勒	T.PN.PERSON	society	entity name	existing	core	实体名；被其他文本引用 7 处，引用译名一致（2026-10-01 补录）
society	Celia	赛利亚	T.PN.PERSON	society	entity name	review	core	墓地任务对话中写作“塞莉娅”（1/10 处）；待统一
society	Elandar	埃兰达	T.PN.PERSON	society	entity name	existing	core	实体名；被其他文本引用 4 处，引用译名一致（2026-10-01 补录）
society	Kryl-Feijan	克里尔·费扬	T.PN.PERSON	society	entity name	existing	core	实体名；被其他文本引用 9 处，引用译名一致（2026-10-01 补录）
society	Norgan	诺尔甘	T.PN.PERSON	society	entity name	existing	core	实体名；被其他文本引用 5 处，引用译名一致（2026-10-01 补录）
society	Protector Myssil	守护者米歇尔	T.PN.PERSON	society	entity name	existing	core	实体名；被其他文本引用 5 处，引用译名一致（2026-10-01 补录）
society	Slasul	萨拉苏尔	T.PN.PERSON	society	entity name	existing	core	实体名；被其他文本引用 18 处，引用译名一致（2026-10-01 补录）
society	Walrog	乌尔罗格	T.PN.PERSON	society	entity name	existing	multi	主游戏与 Ashes 同名水中恶魔
society	Harkor'Zun	哈卡祖	T.PN.PERSON	society	entity name	review	core	物品描述中写作“哈克祖”（1/4 处）；待统一
society	Outpost Leader John	前哨站队长约翰	T.PN.PERSON	society	entity name	review	dlc	引用中有“前哨站首领约翰”“前哨站领袖约翰”（2/4 处）；待统一
society	Subject Z	代号“Z”	T.PN.PERSON	society	entity name	existing	core	实体名；红帕兰日志中“Test subject Z”语境写作“试验品 Z”
society	The Master	领主	T.PN.PERSON	society	entity name	preferred	core	恐惧王座之主；2026-09-16 维护者裁决保持“领主”；Master of the Arena 是另一人物
society	The Teacher	导师	T.PN.PERSON	society	entity name	existing	dlc	实体名；被其他文本引用 3 处，引用译名一致（2026-10-01 补录）
society	The Eidolon	艾德隆	T.PN.PERSON	society	entity name	existing	core	实体名；被其他文本引用 3 处，引用译名一致（2026-10-01 补录）
society	Grand Corruptor	大腐化者	T.PN.PERSON	society	entity name	existing	core	实体名；被其他文本引用 10 处，引用译名一致（2026-10-01 补录）
society	Fortress Shadow	堡垒之影	T.PN.PERSON	society	entity name	existing	core	实体名；被其他文本引用 3 处，引用译名一致（2026-10-01 补录）
creatures	Rat Lich	鼠巫妖	T.GAME.ENTITY	creatures	entity name	existing	core	实体名；被其他文本引用 5 处，引用译名一致（2026-10-01 补录）
creatures	Sandworm Queen	沙虫女皇	T.GAME.ENTITY	creatures	entity name	existing	core	实体名；被其他文本引用 4 处，引用译名一致（2026-10-01 补录）
creatures	Weirdling Beast	异形触手	T.GAME.ENTITY	creatures	entity name	existing	core	实体名；被其他文本引用 3 处，引用译名一致（2026-10-01 补录）
creatures	Yeek Wayist	夺心魔维网信徒	T.GAME.ENTITY	creatures	entity name	existing	core	实体名；被其他文本引用 3 处，引用译名一致（2026-10-01 补录）
creatures	Mindwall	意念之墙	T.GAME.ENTITY	creatures	entity name	existing	dlc	实体名；被其他文本引用 9 处，引用译名一致（2026-10-01 补录）
creatures	Planar Controller	空间控制者	T.GAME.ENTITY	creatures	entity name	existing	dlc	实体名；被其他文本引用 3 处，引用译名一致（2026-10-01 补录）
creatures	Godfeaster	噬神者	T.GAME.ENTITY	creatures	entity name	existing	dlc	实体名；被其他文本引用 4 处，引用译名一致（2026-10-01 补录）
creatures	Drolem	卓勒姆	T.GAME.ENTITY	creatures	entity name	review	core	实体名为“卓勒姆”，职业解锁与说明中均写作“龙傀儡”（4/4 处）；待统一
creatures	losgoroth	洛斯格罗斯	T.GAME.ENTITY	creatures	entity name	review	core	状态与日志中写作“罗斯戈洛斯”（5 处），实体名为“洛斯格罗斯”（7 处）；待统一
creatures	Phoenix	不死鸟	T.GAME.ENTITY	creatures	entity name	review	core	实体名“不死鸟”；传说标题 How to Summon a Phoenix 与状态 Reviving Phoenix 用“凤凰”；待确定是否同一所指
items	Blood of Life	生命之血	T.GAME.ENTITY	items	entity name	existing	core	实体名；被其他文本引用 11 处，引用译名一致（2026-10-01 补录）
items	Blood of Undeath	不死之血	T.GAME.ENTITY	items	entity name	existing	dlc	实体名；被其他文本引用 4 处，引用译名一致（2026-10-01 补录）
items	Orb of Many Ways	多元水晶球	T.GAME.ENTITY	items	entity name	existing	core	实体名；被其他文本引用 17 处，引用译名一致（2026-10-01 补录）
items	Resonating Diamond	共鸣钻石	T.GAME.ENTITY	items	entity name	existing	core	实体名；被其他文本引用 11 处，引用译名一致（2026-10-01 补录）
items	Staff of Absorption	吸能法杖	T.GAME.ENTITY	items	entity name	existing	core	实体名；被其他文本引用 6 处，引用译名一致（2026-10-01 补录）
items	Transmogrification Chest	转化之盒	T.GAME.ENTITY	items	entity name	existing	core	实体名；被其他文本引用 5 处，引用译名一致（2026-10-01 补录）
items	Summertide	炎华	T.GAME.ENTITY	items	entity name	existing	core	实体名；被其他文本引用 5 处，引用译名一致（2026-10-01 补录）
items	Wintertide	霜华	T.GAME.ENTITY	items	entity name	existing	core	实体名；被其他文本引用 4 处，引用译名一致（2026-10-01 补录）
items	Automated Portable Extractor	便携式自动材料提取仪	T.GAME.ENTITY	items	entity name	review	dlc	任务对话中写作“便携式自动提取仪”（1/3 处）；待统一
items	Shoes of Moving Quickly	疾行之鞋	T.GAME.ENTITY	items	entity name	review	dlc	物品名为“疾行之鞋”，合成提示均写作“疾行之靴”（3/3 处）；待统一
places	Charred Scar	灼烧之痕	T.PN.PLACE	places	entity name	existing	core	实体名；被其他文本引用 10 处，引用译名一致（2026-10-01 补录）
narrative	The Hunter and the Hunted	猎人与猎物	T.NARRATIVE.LORE	narrative	entity name	existing	core	实体名；被其他文本引用 5 处，引用译名一致（2026-10-01 补录）
narrative	Records of Lorekeeper Hadak	博学者哈达克的记录	T.NARRATIVE.LORE	narrative	entity name	existing	core	实体名；被其他文本引用 5 处，引用译名一致（2026-10-01 补录）
narrative	Iron Throne Profits History	钢铁王座盈利历史	T.NARRATIVE.LORE	narrative	entity name	review	core	实体名无“的”，各篇传说标题均写作“钢铁王座的盈利历史”；待统一
narrative	Clinician Korbek's experimental notes	巫医库贝克的实验笔记	T.NARRATIVE.LORE	narrative	entity name	review	core	实体名为“实验笔记”，各篇传说标题与正文均写作“实验报告”（8/8 处）；待统一
